id,nom,framework,derived_framework,communaute,visibilite,rattachements,points_n,points_omega,cle_cible,verbe_cible,statut,raison
67,COMMUNICATION : ÉCOUTE,Point Zéro,Communication - Ombre,Point Zéro - Monde 0,publique,4,0,0,communication.ombre,J'ÉCOUTE,correspond,"nom ""ecoute"" listé parmi les anciens libellés de J'ÉCOUTE"
94,COMMUNICATION : EFFACEMENT,Point Zéro,Communication - Ombre,Cercle pédagogique PZ,privée,0,0,0,communication.ombre,J'ÉCOUTE,correspond,"nom ""effacement"" listé parmi les anciens libellés de J'ÉCOUTE"
93,COMMUNICATION : ENVOÛTEMENT,Point Zéro,Communication - Lumière,Cercle pédagogique PZ,privée,0,0,0,communication.lumiere,JE CAPTIVE,correspond,"nom ""envoutement"" listé parmi les anciens libellés de JE CAPTIVE"
91,COMMUNICATION : EXPRESSION,Point Zéro,Communication - Source,Cercle pédagogique PZ,privée,1,0,0,communication.source,JE M'EXPRIME,Source — nom inventorié,"cadre Source : le nom historique est ""expression"", à consigner tel quel"
68,COMMUNICATION : PERSUASION,Point Zéro,Communication - Lumière,Point Zéro - Monde 0,publique,4,0,0,communication.lumiere,JE CAPTIVE,correspond,"nom ""persuasion"" listé parmi les anciens libellés de JE CAPTIVE"
92,COMMUNICATION : SÉDUCTION,Point Zéro,Communication - Lumière,Cercle pédagogique PZ,privée,0,0,0,communication.lumiere,JE CAPTIVE,correspond,"nom ""seduction"" listé parmi les anciens libellés de JE CAPTIVE"
95,COMMUNICATION : SILENCE,Point Zéro,Communication - Ombre,Cercle pédagogique PZ,privée,0,0,0,communication.ombre,J'ÉCOUTE,correspond,"nom ""silence"" listé parmi les anciens libellés de J'ÉCOUTE"
71,DÉSIR : AMPLIFICATION,Point Zéro,Désir - Lumière,Point Zéro - Monde 0,publique,1,0,0,desir.lumiere,J'EMBRASE,correspond,"nom ""amplification"" listé parmi les anciens libellés de J'EMBRASE"
61,DÉSIR : CONTRÔLE,Point Zéro,Désir - Ombre,Cercle pédagogique PZ,privée,0,0,0,desir.ombre,JE CONTIENS,correspond,"nom ""controle"" listé parmi les anciens libellés de JE CONTIENS"
72,DÉSIR : EXALTATION,Point Zéro,Désir - Lumière,Cercle pédagogique PZ,privée,0,0,0,desir.lumiere,J'EMBRASE,correspond,"nom ""exaltation"" listé parmi les anciens libellés de J'EMBRASE"
73,DÉSIR : FERVEUR,Point Zéro,Désir - Lumière,Point Zéro - Monde 0,publique,2,0,0,desir.lumiere,J'EMBRASE,correspond,"nom ""ferveur"" listé parmi les anciens libellés de J'EMBRASE"
75,DÉSIR : INHIBITION,Point Zéro,Désir - Ombre,Cercle pédagogique PZ,privée,0,0,0,desir.ombre,JE CONTIENS,correspond,"nom ""inhibition"" listé parmi les anciens libellés de JE CONTIENS"
62,DÉSIR : INTENTION,Point Zéro,Désir - Source,Point Zéro - Monde 0,publique,3,1,5,desir.source,JE SUIS,Source — nom inventorié,"cadre Source : le nom historique est ""intention"", à consigner tel quel"
74,DÉSIR : RETENUE,Point Zéro,Désir - Ombre,Cercle pédagogique PZ,privée,0,0,0,desir.ombre,JE CONTIENS,correspond,"nom ""retenue"" listé parmi les anciens libellés de JE CONTIENS"
78,ÉMOTION : COMMUNION,Point Zéro,Émotion - Lumière,Cercle pédagogique PZ,privée,0,0,0,emotion.lumiere,JE COMMUNIE,correspond,"nom ""communion"" listé parmi les anciens libellés de JE COMMUNIE"
79,ÉMOTION : DÉTACHEMENT,Point Zéro,Émotion - Ombre,Cercle pédagogique PZ,privée,0,0,0,emotion.ombre,JE DISTANCIE,correspond,"nom ""detachement"" listé parmi les anciens libellés de JE DISTANCIE"
66,ÉMOTION : DISSOCIATION,Point Zéro,Émotion - Ombre,Cercle pédagogique PZ,privée,0,0,0,emotion.ombre,JE DISTANCIE,correspond,"nom ""dissociation"" listé parmi les anciens libellés de JE DISTANCIE"
77,ÉMOTION : FUSION,Point Zéro,Émotion - Lumière,Cercle pédagogique PZ,privée,0,0,0,emotion.lumiere,JE COMMUNIE,correspond,"nom ""fusion"" listé parmi les anciens libellés de JE COMMUNIE"
80,ÉMOTION : GLACIATION,Point Zéro,Émotion - Ombre,Cercle pédagogique PZ,privée,0,0,0,emotion.ombre,JE DISTANCIE,correspond,"nom ""glaciation"" listé parmi les anciens libellés de JE DISTANCIE"
65,ÉMOTION : PASSION,Point Zéro,Émotion - Lumière,Point Zéro - Monde 0,publique,4,0,0,emotion.lumiere,JE COMMUNIE,correspond,"nom ""passion"" listé parmi les anciens libellés de JE COMMUNIE"
76,ÉMOTION : PRÉSENCE,Point Zéro,Émotion - Source,Point Zéro - Monde 0,publique,4,0,0,emotion.source,JE RESSENS,Source — nom inventorié,"cadre Source : le nom historique est ""presence"", à consigner tel quel"
89,IMAGINATION : CONFORMITÉ,Point Zéro,Imagination - Ombre,Cercle pédagogique PZ,privée,0,0,0,imagination.ombre,JE RÉALISE,correspond,"nom ""conformite"" listé parmi les anciens libellés de JE RÉALISE"
86,IMAGINATION : CRÉATION,Point Zéro,Imagination - Source,Cercle pédagogique PZ,privée,0,0,0,imagination.source,JE CRÉE,Source — nom inventorié,"cadre Source : le nom historique est ""creation"", à consigner tel quel"
87,IMAGINATION : INSPIRATION,Point Zéro,Imagination - Lumière,Cercle pédagogique PZ,privée,0,0,0,imagination.lumiere,JE RÊVE,correspond,"nom ""inspiration"" listé parmi les anciens libellés de JE RÊVE"
64,IMAGINATION : PROJECTION,Point Zéro,Imagination - Lumière,Point Zéro - Monde 0,publique,8,0,0,imagination.lumiere,JE RÊVE,correspond,"nom ""projection"" listé parmi les anciens libellés de JE RÊVE"
63,IMAGINATION : RÉALISME,Point Zéro,Imagination - Ombre,Cercle pédagogique PZ,privée,0,0,0,imagination.ombre,JE RÉALISE,correspond,"nom ""realisme"" listé parmi les anciens libellés de JE RÉALISE"
90,IMAGINATION : VACUITÉ,Point Zéro,Imagination - Ombre,Cercle pédagogique PZ,privée,0,0,0,imagination.ombre,JE RÉALISE,correspond,"nom ""vacuite"" listé parmi les anciens libellés de JE RÉALISE"
88,IMAGINATION : VISION FOLLE,Point Zéro,Imagination - Lumière,Cercle pédagogique PZ,privée,0,0,0,imagination.lumiere,JE RÊVE,correspond,"nom ""vision folle"" listé parmi les anciens libellés de JE RÊVE"
97,INTUITION : CERTITUDE,Point Zéro,Intuition - Lumière,Point Zéro - Monde 0,publique,1,0,0,intuition.lumiere,JE CROIS,correspond,"nom ""certitude"" listé parmi les anciens libellés de JE CROIS"
69,INTUITION : CONVICTION,Point Zéro,Intuition - Lumière,Point Zéro - Monde 0,publique,4,0,0,intuition.lumiere,JE CROIS,correspond,"nom ""conviction"" listé parmi les anciens libellés de JE CROIS"
96,INTUITION : DISCERNEMENT,Point Zéro,Intuition - Source,Cercle pédagogique PZ,privée,1,0,0,intuition.source,JE DISCERNE,Source — nom inventorié,"cadre Source : le nom historique est ""discernement"", à consigner tel quel"
98,INTUITION : FOI TOTALE,Point Zéro,Intuition - Lumière,Cercle pédagogique PZ,privée,0,0,0,intuition.lumiere,JE CROIS,correspond,"nom ""foi totale"" listé parmi les anciens libellés de JE CROIS"
102,INTUITION : NON-SAVOIR,Point Zéro,Intuition - Ombre,Cercle pédagogique PZ,privée,0,0,0,intuition.ombre,JE DOUTE,correspond,"nom ""non-savoir"" listé parmi les anciens libellés de JE DOUTE"
70,INTUITION : OUVERTURE,Point Zéro,Intuition - Ombre,Point Zéro - Monde 0,publique,6,0,0,intuition.ombre,JE DOUTE,correspond,"nom ""ouverture"" listé parmi les anciens libellés de JE DOUTE"
99,INTUITION : SUSPENSION,Point Zéro,Intuition - Ombre,Cercle pédagogique PZ,privée,0,0,0,intuition.ombre,JE DOUTE,correspond,"nom ""suspension"" listé parmi les anciens libellés de JE DOUTE"
82,VOLONTÉ : DÉVOUEMENT,Point Zéro,Volonté - Ombre,Point Zéro - Monde 0,publique,1,0,0,volonte.ombre,JE SERS,correspond,"nom ""devouement"" listé parmi les anciens libellés de JE SERS"
85,VOLONTÉ : DOMINATION,Point Zéro,Volonté - Lumière,Cercle pédagogique PZ,privée,0,0,0,volonte.lumiere,JE DIRIGE,correspond,"nom ""domination"" listé parmi les anciens libellés de JE DIRIGE"
81,VOLONTÉ : INITIATIVE,Point Zéro,Volonté - Lumière,Cercle pédagogique PZ,privée,0,0,0,volonte.lumiere,JE DIRIGE,correspond,"nom ""initiative"" listé parmi les anciens libellés de JE DIRIGE"
84,VOLONTÉ : LEADERSHIP,Point Zéro,Volonté - Lumière,Cercle pédagogique PZ,privée,0,0,0,volonte.lumiere,JE DIRIGE,correspond,"nom ""leadership"" listé parmi les anciens libellés de JE DIRIGE"
83,VOLONTÉ : SACRIFICE,Point Zéro,Volonté - Ombre,Cercle pédagogique PZ,privée,0,0,0,volonte.ombre,JE SERS,correspond,"nom ""sacrifice"" listé parmi les anciens libellés de JE SERS"
59,VOLONTÉ : SERVICE,Point Zéro,Volonté - Ombre,Point Zéro - Monde 0,publique,5,0,0,volonte.ombre,JE SERS,correspond,"nom ""service"" listé parmi les anciens libellés de JE SERS"
60,VOLONTÉ : SOUVERAINETÉ,Point Zéro,Volonté - Source,Point Zéro - Monde 0,publique,3,0,0,volonte.source,JE DÉCIDE,Source — nom inventorié,"cadre Source : le nom historique est ""souverainete"", à consigner tel quel"
